,n,Model,F1_val,Parameters
0,2,HistGradientBoostingClassifier,0.7595962145109122,"{'learning_rate': 0.07884327891567809, 'max_depth': 4, 'min_samples_leaf': 73, 'max_features': 0.5620957553786206, 'l2_regularization': 0.11404989326897183, 'max_bins': 2}"
1,3,HistGradientBoostingClassifier,0.928733571522249,"{'learning_rate': 0.18178435179485608, 'max_depth': 4, 'min_samples_leaf': 93, 'max_features': 0.8189993301209106, 'l2_regularization': 0.3901433648111433, 'max_bins': 255}"
2,13,HistGradientBoostingClassifier,0.7519519642637563,"{'learning_rate': 0.09926375641347923, 'max_depth': 9, 'min_samples_leaf': 142, 'max_features': 0.7103751141131356, 'l2_regularization': 0.03703208973162526, 'max_bins': 2}"
3,7,HistGradientBoostingClassifier,0.925415907028749,"{'learning_rate': 0.16676553130996996, 'max_depth': 8, 'min_samples_leaf': 103, 'max_features': 0.7919771953723984, 'l2_regularization': 0.03462164548269069, 'max_bins': 255}"
4,6,HistGradientBoostingClassifier,0.9285929720078503,"{'learning_rate': 0.0726817016187954, 'max_depth': 9, 'min_samples_leaf': 49, 'max_features': 0.6539496939376908, 'l2_regularization': 0.004171317190582968, 'max_bins': 255}"
5,15,HistGradientBoostingClassifier,0.9319989558511202,"{'learning_rate': 0.02807083845771337, 'max_depth': 4, 'min_samples_leaf': 144, 'max_features': 0.743575486012608, 'l2_regularization': 0.005204938780765349, 'max_bins': 128}"
6,11,HistGradientBoostingClassifier,0.9286254920196114,"{'learning_rate': 0.08679822369928115, 'max_depth': 5, 'min_samples_leaf': 194, 'max_features': 0.9070961367252672, 'l2_regularization': 0.001549349670989586, 'max_bins': 255}"
7,1,HistGradientBoostingClassifier,0.9372677237049792,"{'learning_rate': 0.19335898508060284, 'max_depth': 3, 'min_samples_leaf': 49, 'max_features': 0.8766331785817129, 'l2_regularization': 0.01693983109793878, 'max_bins': 128}"
8,12,HistGradientBoostingClassifier,0.7562186115455192,"{'learning_rate': 0.0539293351969745, 'max_depth': 9, 'min_samples_leaf': 17, 'max_features': 0.6103734321272762, 'l2_regularization': 0.06875055871718164, 'max_bins': 2}"
9,14,HistGradientBoostingClassifier,0.9330022880429224,"{'learning_rate': 0.08716405958252987, 'max_depth': 6, 'min_samples_leaf': 62, 'max_features': 0.9620977096214796, 'l2_regularization': 0.03680121775044614, 'max_bins': 255}"
10,4,HistGradientBoostingClassifier,0.927268726717163,"{'learning_rate': 0.08891323669332386, 'max_depth': 6, 'min_samples_leaf': 125, 'max_features': 0.5544322283381239, 'l2_regularization': 0.0036232268809146075, 'max_bins': 255}"
11,5,HistGradientBoostingClassifier,0.9277770559793023,"{'learning_rate': 0.06000108668141916, 'max_depth': 10, 'min_samples_leaf': 152, 'max_features': 0.8107132696733823, 'l2_regularization': 0.03797445509857453, 'max_bins': 255}"
12,10,HistGradientBoostingClassifier,0.925525518026884,"{'learning_rate': 0.05870345109312386, 'max_depth': 7, 'min_samples_leaf': 131, 'max_features': 0.7943591858985268, 'l2_regularization': 0.003369288984358487, 'max_bins': 128}"
13,0,HistGradientBoostingClassifier,0.9325944465115018,"{'learning_rate': 0.0929664326799528, 'max_depth': 4, 'min_samples_leaf': 38, 'max_features': 0.711626565793424, 'l2_regularization': 0.002782896305112287, 'max_bins': 128}"
14,8,HistGradientBoostingClassifier,0.9339379013784607,"{'learning_rate': 0.15310784362608512, 'max_depth': 3, 'min_samples_leaf': 169, 'max_features': 0.5136047332164249, 'l2_regularization': 0.0070379417119073055, 'max_bins': 128}"
15,9,HistGradientBoostingClassifier,0.9300997346267419,"{'learning_rate': 0.028698867351145612, 'max_depth': 12, 'min_samples_leaf': 71, 'max_features': 0.5803826690492104, 'l2_regularization': 0.016248164801120336, 'max_bins': 128}"
16,17,HistGradientBoostingClassifier,0.9292117424516538,"{'learning_rate': 0.1417322314338188, 'max_depth': 11, 'min_samples_leaf': 63, 'max_features': 0.7347196348860956, 'l2_regularization': 0.0024811778337798917, 'max_bins': 128}"
17,16,HistGradientBoostingClassifier,0.9280178832801512,"{'learning_rate': 0.06697793333692287, 'max_depth': 10, 'min_samples_leaf': 199, 'max_features': 0.513432082441335, 'l2_regularization': 0.03504793697837866, 'max_bins': 128}"
18,19,HistGradientBoostingClassifier,0.7486435838032023,"{'learning_rate': 0.0768373868461564, 'max_depth': 3, 'min_samples_leaf': 168, 'max_features': 0.9578086316026315, 'l2_regularization': 0.15534320143226882, 'max_bins': 2}"
19,20,HistGradientBoostingClassifier,0.7527360848232377,"{'learning_rate': 0.13592319423992033, 'max_depth': 8, 'min_samples_leaf': 52, 'max_features': 0.6748516131677389, 'l2_regularization': 0.012182048645054842, 'max_bins': 2}"
20,22,HistGradientBoostingClassifier,0.9237446459253347,"{'learning_rate': 0.13134882320982907, 'max_depth': 9, 'min_samples_leaf': 170, 'max_features': 0.928923465043674, 'l2_regularization': 0.19485023355629313, 'max_bins': 128}"
21,24,HistGradientBoostingClassifier,0.9325668434087163,"{'learning_rate': 0.19201091368112547, 'max_depth': 11, 'min_samples_leaf': 79, 'max_features': 0.5410536575584326, 'l2_regularization': 0.0025871740809547414, 'max_bins': 255}"
22,18,HistGradientBoostingClassifier,0.9257795879327383,"{'learning_rate': 0.05645489497382152, 'max_depth': 6, 'min_samples_leaf': 130, 'max_features': 0.7578666226489451, 'l2_regularization': 0.004840331177911942, 'max_bins': 255}"
23,23,HistGradientBoostingClassifier,0.9265083595382548,"{'learning_rate': 0.06453651038111465, 'max_depth': 11, 'min_samples_leaf': 165, 'max_features': 0.9904729357007322, 'l2_regularization': 0.013290300509435884, 'max_bins': 255}"
24,21,HistGradientBoostingClassifier,0.9306474864684692,"{'learning_rate': 0.04829851149518125, 'max_depth': 12, 'min_samples_leaf': 25, 'max_features': 0.6521829776163817, 'l2_regularization': 0.07808352768003833, 'max_bins': 255}"
25,25,HistGradientBoostingClassifier,0.939643134742432,"{'learning_rate': 0.1713959106330906, 'max_depth': 3, 'min_samples_leaf': 83, 'max_features': 0.8739111220583115, 'l2_regularization': 0.004397435710567817, 'max_bins': 128}"
26,26,HistGradientBoostingClassifier,0.9389203316891802,"{'learning_rate': 0.12934477238945827, 'max_depth': 3, 'min_samples_leaf': 68, 'max_features': 0.8376120457277906, 'l2_regularization': 0.06999463243301711, 'max_bins': 128}"
27,27,HistGradientBoostingClassifier,0.9392104621283307,"{'learning_rate': 0.19082142543477318, 'max_depth': 3, 'min_samples_leaf': 49, 'max_features': 0.86490551846388, 'l2_regularization': 0.024461238884303953, 'max_bins': 128}"
28,28,HistGradientBoostingClassifier,0.9390407543453443,"{'learning_rate': 0.11828818679639168, 'max_depth': 3, 'min_samples_leaf': 49, 'max_features': 0.9821864213118271, 'l2_regularization': 0.0032360598609915076, 'max_bins': 128}"
29,29,HistGradientBoostingClassifier,0.9381151684412242,"{'learning_rate': 0.19824973522020015, 'max_depth': 3, 'min_samples_leaf': 63, 'max_features': 0.9590050949999199, 'l2_regularization': 0.012861203039117431, 'max_bins': 128}"
30,30,HistGradientBoostingClassifier,0.9371496576278359,"{'learning_rate': 0.08722899825701508, 'max_depth': 3, 'min_samples_leaf': 32, 'max_features': 0.7357372490945813, 'l2_regularization': 0.017947702023184058, 'max_bins': 128}"
31,31,HistGradientBoostingClassifier,0.9303706001850741,"{'learning_rate': 0.16434366377155898, 'max_depth': 5, 'min_samples_leaf': 24, 'max_features': 0.8344801166488302, 'l2_regularization': 0.003105796786326418, 'max_bins': 128}"
32,32,HistGradientBoostingClassifier,0.9420036321122689,"{'learning_rate': 0.0829623955758304, 'max_depth': 3, 'min_samples_leaf': 12, 'max_features': 0.7342203816783492, 'l2_regularization': 0.006884820646465139, 'max_bins': 128}"
33,34,HistGradientBoostingClassifier,0.9303851927624952,"{'learning_rate': 0.18293321077140892, 'max_depth': 5, 'min_samples_leaf': 66, 'max_features': 0.6860322527622191, 'l2_regularization': 0.012845288983827707, 'max_bins': 128}"
34,33,HistGradientBoostingClassifier,0.9388060331018352,"{'learning_rate': 0.1611421880838114, 'max_depth': 3, 'min_samples_leaf': 59, 'max_features': 0.7909038635965266, 'l2_regularization': 0.01605904395415634, 'max_bins': 128}"
35,35,HistGradientBoostingClassifier,0.9379773167673594,"{'learning_rate': 0.13823830263678258, 'max_depth': 3, 'min_samples_leaf': 27, 'max_features': 0.9846260006195733, 'l2_regularization': 0.010591444859849862, 'max_bins': 128}"
36,36,HistGradientBoostingClassifier,0.9329596213571903,"{'learning_rate': 0.18701193987431236, 'max_depth': 4, 'min_samples_leaf': 45, 'max_features': 0.9010685114761247, 'l2_regularization': 0.044588592542652204, 'max_bins': 128}"
37,37,HistGradientBoostingClassifier,0.932244967967288,"{'learning_rate': 0.1640907538717194, 'max_depth': 3, 'min_samples_leaf': 106, 'max_features': 0.7798637328765858, 'l2_regularization': 0.006942729464677056, 'max_bins': 128}"
38,38,HistGradientBoostingClassifier,0.9379991446476835,"{'learning_rate': 0.19819547945213759, 'max_depth': 3, 'min_samples_leaf': 20, 'max_features': 0.7522388562396656, 'l2_regularization': 0.03875554286806635, 'max_bins': 128}"
39,39,HistGradientBoostingClassifier,0.9396328046591774,"{'learning_rate': 0.16247112674190992, 'max_depth': 3, 'min_samples_leaf': 12, 'max_features': 0.9606499930583918, 'l2_regularization': 0.02016116911762601, 'max_bins': 128}"
40,40,HistGradientBoostingClassifier,0.9396129338686482,"{'learning_rate': 0.14435649742224768, 'max_depth': 3, 'min_samples_leaf': 50, 'max_features': 0.8297504043850433, 'l2_regularization': 0.011891240107112061, 'max_bins': 128}"
41,41,HistGradientBoostingClassifier,0.9386358673402784,"{'learning_rate': 0.17834665583828102, 'max_depth': 3, 'min_samples_leaf': 49, 'max_features': 0.9925198120587597, 'l2_regularization': 0.0062515234486010055, 'max_bins': 128}"
42,42,HistGradientBoostingClassifier,0.9342105519557866,"{'learning_rate': 0.17571074458895314, 'max_depth': 4, 'min_samples_leaf': 84, 'max_features': 0.8852524294913313, 'l2_regularization': 0.028196738752870914, 'max_bins': 128}"
43,43,HistGradientBoostingClassifier,0.9285101732327748,"{'learning_rate': 0.1977229071214816, 'max_depth': 5, 'min_samples_leaf': 47, 'max_features': 0.9593519577628081, 'l2_regularization': 0.050726355721380095, 'max_bins': 128}"
44,44,HistGradientBoostingClassifier,0.9336873877167666,"{'learning_rate': 0.0663837328600958, 'max_depth': 4, 'min_samples_leaf': 38, 'max_features': 0.9062290511264453, 'l2_regularization': 0.24243426900092435, 'max_bins': 128}"
45,46,HistGradientBoostingClassifier,0.754298044797222,"{'learning_rate': 0.09235660454273308, 'max_depth': 5, 'min_samples_leaf': 30, 'max_features': 0.9874458829579147, 'l2_regularization': 0.0014096182693931296, 'max_bins': 2}"
46,49,HistGradientBoostingClassifier,0.7555578341794691,"{'learning_rate': 0.09218441013969628, 'max_depth': 4, 'min_samples_leaf': 42, 'max_features': 0.9946100042114656, 'l2_regularization': 0.0011614721847930177, 'max_bins': 2}"
47,45,HistGradientBoostingClassifier,0.9346856698299121,"{'learning_rate': 0.09467953110112327, 'max_depth': 4, 'min_samples_leaf': 71, 'max_features': 0.8135442782541751, 'l2_regularization': 0.194077627525167, 'max_bins': 128}"
48,47,HistGradientBoostingClassifier,0.9388019897615508,"{'learning_rate': 0.18124340311959622, 'max_depth': 3, 'min_samples_leaf': 16, 'max_features': 0.8950782553064797, 'l2_regularization': 0.04211196436640297, 'max_bins': 255}"
49,48,HistGradientBoostingClassifier,0.9356132710350892,"{'learning_rate': 0.19214822588968034, 'max_depth': 4, 'min_samples_leaf': 35, 'max_features': 0.7963832370190094, 'l2_regularization': 0.14132147589487035, 'max_bins': 128}"
50,0,LogisticRegression,0.7517387264555851,"{'C': 0.0410222242703944, 'max_iter': 1380, 'penalty': 'l2', 'solver_l2': 'liblinear'}"
51,2,LogisticRegression,0.764188863502761,"{'C': 5.444908345039672, 'max_iter': 1810, 'penalty': 'l2', 'solver_l2': 'lbfgs'}"
52,4,LogisticRegression,0.7399774623756435,"{'C': 0.005736501340522426, 'max_iter': 593, 'penalty': 'l2', 'solver_l2': 'lbfgs'}"
53,1,LogisticRegression,0.6249941121099379,"{'C': 7.148968066432665, 'max_iter': 540, 'penalty': 'l1'}"
54,6,LogisticRegression,0.6308803185157089,"{'C': 1.7452479952643383, 'max_iter': 791, 'penalty': 'l1'}"
55,15,LogisticRegression,0.6101036876018812,"{'C': 1.214697497268171, 'max_iter': 156, 'penalty': 'l1'}"
56,3,LogisticRegression,0.6352678856083399,"{'C': 0.006041423736039307, 'max_iter': 1791, 'penalty': 'l2', 'solver_l2': 'saga'}"
57,8,LogisticRegression,0.632784564359009,"{'C': 0.002048379912870673, 'max_iter': 1267, 'penalty': 'l1'}"
58,14,LogisticRegression,0.6285292726635028,"{'C': 0.0011739567907228423, 'max_iter': 624, 'penalty': 'l1'}"
59,13,LogisticRegression,0.6350369070612901,"{'C': 1.7287143519840165, 'max_iter': 980, 'penalty': 'l2', 'solver_l2': 'saga'}"
60,11,LogisticRegression,0.6147564397617233,"{'C': 0.10131508549691091, 'max_iter': 215, 'penalty': 'l1'}"
61,10,LogisticRegression,0.6390269364847915,"{'C': 0.23894428269571896, 'max_iter': 1791, 'penalty': 'l1'}"
62,5,LogisticRegression,0.6308102764122446,"{'C': 7.516248170323705, 'max_iter': 1306, 'penalty': 'l1'}"
63,16,LogisticRegression,0.7646091355576585,"{'C': 4.415731142896676, 'max_iter': 1568, 'penalty': 'l2', 'solver_l2': 'lbfgs'}"
64,12,LogisticRegression,0.6279503907796193,"{'C': 1.7656010242509714, 'max_iter': 919, 'penalty': 'l1'}"
65,20,LogisticRegression,0.7320652813509536,"{'C': 9.058047554648653, 'max_iter': 353, 'penalty': 'l2', 'solver_l2': 'lbfgs'}"
66,21,LogisticRegression,0.729235604464558,"{'C': 0.1365516630200195, 'max_iter': 338, 'penalty': 'l2', 'solver_l2': 'lbfgs'}"
67,19,LogisticRegression,0.7630300710381334,"{'C': 0.0012060019133260616, 'max_iter': 1862, 'penalty': 'l2', 'solver_l2': 'lbfgs'}"
68,7,LogisticRegression,0.6308953890880425,"{'C': 0.018227166980660632, 'max_iter': 1415, 'penalty': 'l1'}"
69,17,LogisticRegression,0.6339555171217589,"{'C': 0.0017257466968740131, 'max_iter': 1299, 'penalty': 'l2', 'solver_l2': 'saga'}"
70,9,LogisticRegression,0.6418693405175935,"{'C': 0.7758509522323362, 'max_iter': 1636, 'penalty': 'l1'}"
71,25,LogisticRegression,0.7596962426959362,"{'C': 0.8212185056332366, 'max_iter': 1636, 'penalty': 'l2', 'solver_l2': 'lbfgs'}"
72,18,LogisticRegression,0.6231877059204766,"{'C': 0.19657927857432342, 'max_iter': 1014, 'penalty': 'l1'}"
73,22,LogisticRegression,0.6275623643902657,"{'C': 0.31463797842312075, 'max_iter': 844, 'penalty': 'l1'}"
74,26,LogisticRegression,0.7668439579561772,"{'C': 1.882463666401223, 'max_iter': 1811, 'penalty': 'l2', 'solver_l2': 'lbfgs'}"
75,24,LogisticRegression,0.6363070933500535,"{'C': 0.0037124095242328163, 'max_iter': 1310, 'penalty': 'l2', 'solver_l2': 'saga'}"
76,27,LogisticRegression,0.7584075601783852,"{'C': 3.810703618666902, 'max_iter': 1800, 'penalty': 'l2', 'solver_l2': 'lbfgs'}"
77,23,LogisticRegression,0.6396587470430375,"{'C': 0.031688913385980885, 'max_iter': 1547, 'penalty': 'l1'}"
78,28,LogisticRegression,0.7634771601569209,"{'C': 8.19669889295307, 'max_iter': 1990, 'penalty': 'l2', 'solver_l2': 'lbfgs'}"
79,29,LogisticRegression,0.7644883244044142,"{'C': 1.6351362873274649, 'max_iter': 1833, 'penalty': 'l2', 'solver_l2': 'lbfgs'}"
80,30,LogisticRegression,0.7645308006324728,"{'C': 8.425457446154306, 'max_iter': 1991, 'penalty': 'l2', 'solver_l2': 'lbfgs'}"
81,31,LogisticRegression,0.7601925088829873,"{'C': 7.905876718299911, 'max_iter': 1977, 'penalty': 'l2', 'solver_l2': 'lbfgs'}"
82,32,LogisticRegression,0.7609210146193169,"{'C': 5.7528827731277765, 'max_iter': 1871, 'penalty': 'l2', 'solver_l2': 'lbfgs'}"
83,33,LogisticRegression,0.7631707567746315,"{'C': 1.147210448925826, 'max_iter': 1984, 'penalty': 'l2', 'solver_l2': 'lbfgs'}"
84,34,LogisticRegression,0.7644726979154233,"{'C': 0.2271428930704714, 'max_iter': 1997, 'penalty': 'l2', 'solver_l2': 'lbfgs'}"
85,35,LogisticRegression,0.7639628518542491,"{'C': 6.221348702777451, 'max_iter': 1940, 'penalty': 'l2', 'solver_l2': 'lbfgs'}"
86,36,LogisticRegression,0.7651744264509586,"{'C': 8.48585022312209, 'max_iter': 1837, 'penalty': 'l2', 'solver_l2': 'lbfgs'}"
87,37,LogisticRegression,0.7659015359550119,"{'C': 0.24634804253274958, 'max_iter': 1999, 'penalty': 'l2', 'solver_l2': 'lbfgs'}"
88,38,LogisticRegression,0.7638929469699284,"{'C': 0.3840339038246821, 'max_iter': 1851, 'penalty': 'l2', 'solver_l2': 'lbfgs'}"
89,39,LogisticRegression,0.762725382534501,"{'C': 0.6333741450513646, 'max_iter': 1996, 'penalty': 'l2', 'solver_l2': 'lbfgs'}"
90,40,LogisticRegression,0.763949448027367,"{'C': 0.3828603000874662, 'max_iter': 1943, 'penalty': 'l2', 'solver_l2': 'lbfgs'}"
91,41,LogisticRegression,0.765249880147187,"{'C': 1.3186886066306018, 'max_iter': 1984, 'penalty': 'l2', 'solver_l2': 'lbfgs'}"
92,44,LogisticRegression,0.753302821362461,"{'C': 0.6015807660261507, 'max_iter': 1842, 'penalty': 'l2', 'solver_l2': 'liblinear'}"
93,45,LogisticRegression,0.7508866837360073,"{'C': 0.20597959773355273, 'max_iter': 1956, 'penalty': 'l2', 'solver_l2': 'liblinear'}"
94,46,LogisticRegression,0.7552750314574342,"{'C': 6.69395113254127, 'max_iter': 1588, 'penalty': 'l2', 'solver_l2': 'liblinear'}"
95,42,LogisticRegression,0.7644961981325561,"{'C': 3.078418551334445, 'max_iter': 1912, 'penalty': 'l2', 'solver_l2': 'lbfgs'}"
96,48,LogisticRegression,0.7485414776364588,"{'C': 0.6275332573321131, 'max_iter': 1984, 'penalty': 'l2', 'solver_l2': 'liblinear'}"
97,43,LogisticRegression,0.7647461790830966,"{'C': 6.962506283623494, 'max_iter': 1988, 'penalty': 'l2', 'solver_l2': 'lbfgs'}"
98,49,LogisticRegression,0.629805933121358,"{'C': 4.779180255616875, 'max_iter': 1778, 'penalty': 'l1'}"
99,47,LogisticRegression,0.628116716471265,"{'C': 4.07853328528963, 'max_iter': 1934, 'penalty': 'l1'}"
100,3,RandomForestClassifier,0.8736755404433367,"{'n_estimators': 411, 'max_depth': 36, 'min_samples_split': 24, 'min_samples_leaf': 11, 'max_features': 0.2447589744271485, 'bootstrap': False, 'oob_score': True}"
101,4,RandomForestClassifier,0.8780488528221659,"{'n_estimators': 984, 'max_depth': 12, 'min_samples_split': 26, 'min_samples_leaf': 8, 'max_features': 0.39529761193287594, 'bootstrap': True, 'oob_score': False}"
102,0,RandomForestClassifier,0.8700851261775479,"{'n_estimators': 700, 'max_depth': 18, 'min_samples_split': 26, 'min_samples_leaf': 9, 'max_features': 0.21922829830348556, 'bootstrap': True, 'oob_score': False}"
103,6,RandomForestClassifier,0.8960572994004252,"{'n_estimators': 672, 'max_depth': 16, 'min_samples_split': 23, 'min_samples_leaf': 4, 'max_features': 0.5954787518008244, 'bootstrap': False, 'oob_score': True}"
104,12,RandomForestClassifier,0.9038360762016948,"{'n_estimators': 389, 'max_depth': 35, 'min_samples_split': 3, 'min_samples_leaf': 3, 'max_features': 0.5073286744902588, 'bootstrap': False, 'oob_score': True}"
105,2,RandomForestClassifier,0.8818022353979126,"{'n_estimators': 521, 'max_depth': 25, 'min_samples_split': 15, 'min_samples_leaf': 10, 'max_features': 0.44027525016238445, 'bootstrap': True, 'oob_score': False}"
106,7,RandomForestClassifier,0.8680303721308724,"{'n_estimators': 744, 'max_depth': 34, 'min_samples_split': 18, 'min_samples_leaf': 16, 'max_features': 0.35173319282367965, 'bootstrap': True, 'oob_score': True}"
107,1,RandomForestClassifier,0.8905147756278037,"{'n_estimators': 816, 'max_depth': 12, 'min_samples_split': 26, 'min_samples_leaf': 9, 'max_features': 0.5621458646770706, 'bootstrap': False, 'oob_score': True}"
108,15,RandomForestClassifier,0.8925116604686684,"{'n_estimators': 615, 'max_depth': 25, 'min_samples_split': 26, 'min_samples_leaf': 6, 'max_features': 0.5759466071890664, 'bootstrap': False, 'oob_score': False}"
109,11,RandomForestClassifier,0.869860075595252,"{'n_estimators': 270, 'max_depth': 39, 'min_samples_split': 27, 'min_samples_leaf': 9, 'max_features': 0.20529939453146945, 'bootstrap': True, 'oob_score': True}"
110,8,RandomForestClassifier,0.8887605951599182,"{'n_estimators': 636, 'max_depth': 22, 'min_samples_split': 28, 'min_samples_leaf': 7, 'max_features': 0.49950288664126946, 'bootstrap': False, 'oob_score': False}"
111,10,RandomForestClassifier,0.8879776548303813,"{'n_estimators': 746, 'max_depth': 10, 'min_samples_split': 11, 'min_samples_leaf': 3, 'max_features': 0.34898186569966816, 'bootstrap': True, 'oob_score': True}"
112,9,RandomForestClassifier,0.869860960491709,"{'n_estimators': 635, 'max_depth': 12, 'min_samples_split': 12, 'min_samples_leaf': 17, 'max_features': 0.4040460944608465, 'bootstrap': True, 'oob_score': True}"
113,14,RandomForestClassifier,0.8924752001568077,"{'n_estimators': 911, 'max_depth': 16, 'min_samples_split': 29, 'min_samples_leaf': 3, 'max_features': 0.4321484048833648, 'bootstrap': False, 'oob_score': False}"
114,13,RandomForestClassifier,0.894053945963193,"{'n_estimators': 891, 'max_depth': 14, 'min_samples_split': 3, 'min_samples_leaf': 9, 'max_features': 0.6247246220442477, 'bootstrap': False, 'oob_score': False}"
115,5,RandomForestClassifier,0.9012007392097451,"{'n_estimators': 785, 'max_depth': 33, 'min_samples_split': 10, 'min_samples_leaf': 3, 'max_features': 0.6080390562265903, 'bootstrap': True, 'oob_score': True}"
116,17,RandomForestClassifier,0.8893843574398396,"{'n_estimators': 684, 'max_depth': 11, 'min_samples_split': 6, 'min_samples_leaf': 1, 'max_features': 0.2990292120213115, 'bootstrap': True, 'oob_score': False}"
117,16,RandomForestClassifier,0.8789430440535358,"{'n_estimators': 784, 'max_depth': 28, 'min_samples_split': 22, 'min_samples_leaf': 12, 'max_features': 0.30999766771580606, 'bootstrap': False, 'oob_score': True}"
118,18,RandomForestClassifier,0.8898522227143789,"{'n_estimators': 972, 'max_depth': 19, 'min_samples_split': 20, 'min_samples_leaf': 9, 'max_features': 0.48927064673060683, 'bootstrap': False, 'oob_score': False}"
119,20,RandomForestClassifier,0.8886678173638343,"{'n_estimators': 591, 'max_depth': 37, 'min_samples_split': 19, 'min_samples_leaf': 8, 'max_features': 0.3844469730413279, 'bootstrap': False, 'oob_score': True}"
120,22,RandomForestClassifier,0.884917727916255,"{'n_estimators': 235, 'max_depth': 25, 'min_samples_split': 30, 'min_samples_leaf': 11, 'max_features': 0.5885648601011642, 'bootstrap': False, 'oob_score': False}"
121,21,RandomForestClassifier,0.890003929525783,"{'n_estimators': 464, 'max_depth': 24, 'min_samples_split': 27, 'min_samples_leaf': 8, 'max_features': 0.6299627927431987, 'bootstrap': False, 'oob_score': False}"
122,19,RandomForestClassifier,0.87406067815645,"{'n_estimators': 826, 'max_depth': 16, 'min_samples_split': 13, 'min_samples_leaf': 19, 'max_features': 0.6697992283455403, 'bootstrap': True, 'oob_score': True}"
123,23,RandomForestClassifier,0.8843528440539696,"{'n_estimators': 795, 'max_depth': 25, 'min_samples_split': 10, 'min_samples_leaf': 10, 'max_features': 0.35260840074316424, 'bootstrap': False, 'oob_score': True}"
124,24,RandomForestClassifier,0.8988155266189838,"{'n_estimators': 818, 'max_depth': 36, 'min_samples_split': 17, 'min_samples_leaf': 3, 'max_features': 0.40257469362914067, 'bootstrap': False, 'oob_score': False}"
125,25,RandomForestClassifier,0.8979111309277998,"{'n_estimators': 506, 'max_depth': 29, 'min_samples_split': 4, 'min_samples_leaf': 6, 'max_features': 0.609084164230556, 'bootstrap': False, 'oob_score': True}"
126,26,RandomForestClassifier,0.8941888012544088,"{'n_estimators': 358, 'max_depth': 26, 'min_samples_split': 4, 'min_samples_leaf': 8, 'max_features': 0.5261229581539391, 'bootstrap': False, 'oob_score': True}"
127,27,RandomForestClassifier,0.8954372620547014,"{'n_estimators': 362, 'max_depth': 35, 'min_samples_split': 3, 'min_samples_leaf': 5, 'max_features': 0.3643096448971189, 'bootstrap': False, 'oob_score': True}"
128,29,RandomForestClassifier,0.8998209945186382,"{'n_estimators': 334, 'max_depth': 39, 'min_samples_split': 10, 'min_samples_leaf': 4, 'max_features': 0.44604417840279925, 'bootstrap': False, 'oob_score': True}"
129,28,RandomForestClassifier,0.8939919385428841,"{'n_estimators': 359, 'max_depth': 33, 'min_samples_split': 2, 'min_samples_leaf': 7, 'max_features': 0.5884452251306965, 'bootstrap': False, 'oob_score': True}"
130,30,RandomForestClassifier,0.9041526617637837,"{'n_estimators': 412, 'max_depth': 33, 'min_samples_split': 7, 'min_samples_leaf': 2, 'max_features': 0.5436012312793297, 'bootstrap': False, 'oob_score': True}"
131,31,RandomForestClassifier,0.8991519557084461,"{'n_estimators': 494, 'max_depth': 40, 'min_samples_split': 6, 'min_samples_leaf': 5, 'max_features': 0.5095119768194137, 'bootstrap': False, 'oob_score': True}"
132,32,RandomForestClassifier,0.8966155091982079,"{'n_estimators': 312, 'max_depth': 34, 'min_samples_split': 4, 'min_samples_leaf': 5, 'max_features': 0.3869009870695786, 'bootstrap': False, 'oob_score': True}"
133,35,RandomForestClassifier,0.9040727997609416,"{'n_estimators': 443, 'max_depth': 35, 'min_samples_split': 2, 'min_samples_leaf': 3, 'max_features': 0.5158930573128077, 'bootstrap': False, 'oob_score': True}"
134,33,RandomForestClassifier,0.9013751149170094,"{'n_estimators': 673, 'max_depth': 38, 'min_samples_split': 9, 'min_samples_leaf': 1, 'max_features': 0.5142071122773765, 'bootstrap': True, 'oob_score': True}"
135,39,RandomForestClassifier,0.8998441116411701,"{'n_estimators': 254, 'max_depth': 39, 'min_samples_split': 2, 'min_samples_leaf': 4, 'max_features': 0.6231498335225059, 'bootstrap': False, 'oob_score': True}"
136,34,RandomForestClassifier,0.8991043843639405,"{'n_estimators': 751, 'max_depth': 25, 'min_samples_split': 6, 'min_samples_leaf': 3, 'max_features': 0.5322963410645077, 'bootstrap': True, 'oob_score': True}"
137,36,RandomForestClassifier,0.9000089317556986,"{'n_estimators': 702, 'max_depth': 36, 'min_samples_split': 8, 'min_samples_leaf': 3, 'max_features': 0.5855666275954825, 'bootstrap': True, 'oob_score': True}"
138,37,RandomForestClassifier,0.8981344958879536,"{'n_estimators': 849, 'max_depth': 33, 'min_samples_split': 16, 'min_samples_leaf': 3, 'max_features': 0.6489361868321818, 'bootstrap': True, 'oob_score': True}"
139,38,RandomForestClassifier,0.8998352092277916,"{'n_estimators': 903, 'max_depth': 32, 'min_samples_split': 9, 'min_samples_leaf': 3, 'max_features': 0.5426167806899171, 'bootstrap': True, 'oob_score': True}"
140,40,RandomForestClassifier,0.9042067611374391,"{'n_estimators': 454, 'max_depth': 31, 'min_samples_split': 9, 'min_samples_leaf': 1, 'max_features': 0.6247264005404392, 'bootstrap': False, 'oob_score': True}"
141,41,RandomForestClassifier,0.8982929518438523,"{'n_estimators': 574, 'max_depth': 35, 'min_samples_split': 2, 'min_samples_leaf': 5, 'max_features': 0.5682596680148485, 'bootstrap': False, 'oob_score': True}"
142,42,RandomForestClassifier,0.8973425595868552,"{'n_estimators': 779, 'max_depth': 32, 'min_samples_split': 4, 'min_samples_leaf': 5, 'max_features': 0.5974318312823571, 'bootstrap': True, 'oob_score': True}"
143,43,RandomForestClassifier,0.8995454190474538,"{'n_estimators': 776, 'max_depth': 40, 'min_samples_split': 3, 'min_samples_leaf': 4, 'max_features': 0.5945507024297495, 'bootstrap': True, 'oob_score': True}"
144,44,RandomForestClassifier,0.9013602365989325,"{'n_estimators': 800, 'max_depth': 35, 'min_samples_split': 7, 'min_samples_leaf': 3, 'max_features': 0.5711136333011623, 'bootstrap': True, 'oob_score': True}"
145,45,RandomForestClassifier,0.8969632732348591,"{'n_estimators': 892, 'max_depth': 25, 'min_samples_split': 18, 'min_samples_leaf': 3, 'max_features': 0.6350555082913512, 'bootstrap': True, 'oob_score': True}"
146,46,RandomForestClassifier,0.9011679867729017,"{'n_estimators': 797, 'max_depth': 32, 'min_samples_split': 10, 'min_samples_leaf': 2, 'max_features': 0.5986918953955126, 'bootstrap': True, 'oob_score': True}"
147,47,RandomForestClassifier,0.8927552896132062,"{'n_estimators': 779, 'max_depth': 33, 'min_samples_split': 13, 'min_samples_leaf': 8, 'max_features': 0.6726980244036251, 'bootstrap': True, 'oob_score': True}"
148,48,RandomForestClassifier,0.8982881333794482,"{'n_estimators': 794, 'max_depth': 33, 'min_samples_split': 12, 'min_samples_leaf': 3, 'max_features': 0.5601129748629106, 'bootstrap': True, 'oob_score': True}"
149,49,RandomForestClassifier,0.9033088583759703,"{'n_estimators': 486, 'max_depth': 30, 'min_samples_split': 4, 'min_samples_leaf': 1, 'max_features': 0.4737788406926654, 'bootstrap': True, 'oob_score': True}"
150,0,XGBClassifier,0.9361211526644432,"{'learning_rate': 0.12341233212800472, 'max_depth': 4, 'min_child_weight': 3.377891312640806, 'gamma': 1.9065862726832865, 'reg_alpha': 0.7652398332158746, 'reg_lambda': 5.845091640931333, 'subsample': 0.7182023542355687, 'colsample_bytree': 0.6816499912398757}"
151,3,XGBClassifier,0.8858578850008311,"{'learning_rate': 0.010688714947143501, 'max_depth': 6, 'min_child_weight': 1.575011021189468, 'gamma': 0.2797000648076734, 'reg_alpha': 0.0003180472718553292, 'reg_lambda': 17.050634329677123, 'subsample': 0.8637688630215725, 'colsample_bytree': 0.5602602117549822}"
152,1,XGBClassifier,0.9051933895366265,"{'learning_rate': 0.02077865764786368, 'max_depth': 10, 'min_child_weight': 1.398074175701062, 'gamma': 0.11966054813656835, 'reg_alpha': 5.165423000624138, 'reg_lambda': 2.8438987588251328, 'subsample': 0.8716301706272025, 'colsample_bytree': 0.6262929737219382}"
153,2,XGBClassifier,0.9239856708062001,"{'learning_rate': 0.017890188369537107, 'max_depth': 5, 'min_child_weight': 5.271505368931354, 'gamma': 0.6244925052125382, 'reg_alpha': 0.0007267713949461683, 'reg_lambda': 3.7500033956574175, 'subsample': 0.7192923270516635, 'colsample_bytree': 0.9621394587633987}"
154,4,XGBClassifier,0.9376226739348931,"{'learning_rate': 0.3232625368049405, 'max_depth': 6, 'min_child_weight': 3.328073207658366, 'gamma': 0.23409143352640105, 'reg_alpha': 0.12085566699277882, 'reg_lambda': 1.3899187809424334, 'subsample': 0.5752272625513913, 'colsample_bytree': 0.7432400353576532}"
155,6,XGBClassifier,0.9352306420434834,"{'learning_rate': 0.14234774095747849, 'max_depth': 12, 'min_child_weight': 9.132868065334147, 'gamma': 1.5766390435655828, 'reg_alpha': 0.0012234015004082752, 'reg_lambda': 3.2972952834822578, 'subsample': 0.5089103594094117, 'colsample_bytree': 0.7759206592039001}"
156,8,XGBClassifier,0.9163063607501564,"{'learning_rate': 0.017993731523156756, 'max_depth': 4, 'min_child_weight': 1.9059658171171079, 'gamma': 2.2779396924547157, 'reg_alpha': 0.0008821241208575591, 'reg_lambda': 1.3107375259452116, 'subsample': 0.5032336044587584, 'colsample_bytree': 0.9173314362897118}"
157,5,XGBClassifier,0.9330449046744067,"{'learning_rate': 0.06264983162528642, 'max_depth': 5, 'min_child_weight': 1.7310254324458432, 'gamma': 1.7093179517072217, 'reg_alpha': 0.2853057129830025, 'reg_lambda': 3.0933646184796095, 'subsample': 0.9240135040069428, 'colsample_bytree': 0.9863101332904309}"
158,9,XGBClassifier,0.9224293105327562,"{'learning_rate': 0.03298973298693477, 'max_depth': 11, 'min_child_weight': 1.8449954322002797, 'gamma': 0.5885750941467557, 'reg_alpha': 4.194206704109382, 'reg_lambda': 1.086361105445649, 'subsample': 0.5928550003306208, 'colsample_bytree': 0.7275620033190884}"
159,10,XGBClassifier,0.9399203664163845,"{'learning_rate': 0.1341697797449034, 'max_depth': 7, 'min_child_weight': 4.302019133048845, 'gamma': 1.0717947310907125, 'reg_alpha': 0.009145676056346183, 'reg_lambda': 15.30169705742342, 'subsample': 0.6954647755894459, 'colsample_bytree': 0.8854492594287444}"
160,7,XGBClassifier,0.9396761422124148,"{'learning_rate': 0.07218679804561595, 'max_depth': 7, 'min_child_weight': 7.539417611766946, 'gamma': 0.6295643215270649, 'reg_alpha': 0.10386651459989409, 'reg_lambda': 5.2721882889374845, 'subsample': 0.693252764668467, 'colsample_bytree': 0.897838326058566}"
161,13,XGBClassifier,0.9289628945080214,"{'learning_rate': 0.038552513216866244, 'max_depth': 9, 'min_child_weight': 5.201017842669792, 'gamma': 2.1116523191368683, 'reg_alpha': 0.09093710937623259, 'reg_lambda': 1.1587042072057403, 'subsample': 0.5183004244877538, 'colsample_bytree': 0.5875417866124526}"
162,12,XGBClassifier,0.9265279876102532,"{'learning_rate': 0.06330777011522398, 'max_depth': 10, 'min_child_weight': 3.576943678658965, 'gamma': 1.529870585334245, 'reg_alpha': 2.59362866704, 'reg_lambda': 1.2395848918949612, 'subsample': 0.9093220317365523, 'colsample_bytree': 0.7286713837881387}"
163,15,XGBClassifier,0.9347408713286885,"{'learning_rate': 0.07171334936515802, 'max_depth': 12, 'min_child_weight': 8.069290556267418, 'gamma': 0.3875570294613906, 'reg_alpha': 0.000322398787228681, 'reg_lambda': 5.964641571164746, 'subsample': 0.7873561313052956, 'colsample_bytree': 0.5265355497597782}"
164,14,XGBClassifier,0.9205487615074138,"{'learning_rate': 0.01779648667723681, 'max_depth': 5, 'min_child_weight': 2.1856057191661082, 'gamma': 0.184459090077164, 'reg_alpha': 0.0015428239209473672, 'reg_lambda': 1.7088221604234313, 'subsample': 0.5055315627420147, 'colsample_bytree': 0.7163012329004057}"
165,11,XGBClassifier,0.9133516067814528,"{'learning_rate': 0.02410177066259156, 'max_depth': 8, 'min_child_weight': 7.300084314973991, 'gamma': 2.336227876998824, 'reg_alpha': 0.02515707635622496, 'reg_lambda': 7.695687763583727, 'subsample': 0.5328500043669757, 'colsample_bytree': 0.679946837652667}"
166,16,XGBClassifier,0.9390918111205396,"{'learning_rate': 0.22064648351127086, 'max_depth': 12, 'min_child_weight': 1.6336207044483717, 'gamma': 0.18563696936920515, 'reg_alpha': 0.03755607273829343, 'reg_lambda': 12.554511691895327, 'subsample': 0.5799933631612137, 'colsample_bytree': 0.7661147687690211}"
167,17,XGBClassifier,0.933722047742334,"{'learning_rate': 0.06647534077522019, 'max_depth': 9, 'min_child_weight': 1.2951405155388793, 'gamma': 1.4448646770968825, 'reg_alpha': 0.0001413945439161232, 'reg_lambda': 9.977396309481417, 'subsample': 0.9329429804740201, 'colsample_bytree': 0.8975696035080195}"
168,18,XGBClassifier,0.9340933272239074,"{'learning_rate': 0.059760526884400124, 'max_depth': 3, 'min_child_weight': 2.0231437278492153, 'gamma': 2.239026850530414, 'reg_alpha': 0.0002752604730358812, 'reg_lambda': 3.601443519590268, 'subsample': 0.7636939994916696, 'colsample_bytree': 0.6927055286040776}"
169,19,XGBClassifier,0.9289592790891578,"{'learning_rate': 0.10615192559926342, 'max_depth': 3, 'min_child_weight': 5.781911311332351, 'gamma': 0.9116010000345647, 'reg_alpha': 5.913265808432978, 'reg_lambda': 9.002609498016627, 'subsample': 0.5537358116705724, 'colsample_bytree': 0.9868122599139328}"
170,20,XGBClassifier,0.933366481653059,"{'learning_rate': 0.12976922813035432, 'max_depth': 12, 'min_child_weight': 5.165896049780373, 'gamma': 2.6614986059488897, 'reg_alpha': 0.009926370096094525, 'reg_lambda': 1.1708029977760663, 'subsample': 0.6821623080212955, 'colsample_bytree': 0.8187340520762629}"
171,21,XGBClassifier,0.917859087536887,"{'learning_rate': 0.035192576816902466, 'max_depth': 11, 'min_child_weight': 1.8764451344681674, 'gamma': 2.6733990425340797, 'reg_alpha': 0.18984301581340116, 'reg_lambda': 4.4472704342034355, 'subsample': 0.6068815625184353, 'colsample_bytree': 0.5915101070526105}"
172,22,XGBClassifier,0.9333529587792745,"{'learning_rate': 0.07092617763469063, 'max_depth': 6, 'min_child_weight': 5.106796373318865, 'gamma': 0.9887164163102682, 'reg_alpha': 1.2302521537358215, 'reg_lambda': 1.8723510539026293, 'subsample': 0.8823131913768372, 'colsample_bytree': 0.6052361246166238}"
173,23,XGBClassifier,0.9178302133964662,"{'learning_rate': 0.02497462094975709, 'max_depth': 5, 'min_child_weight': 6.025379938391867, 'gamma': 0.4094032394496224, 'reg_alpha': 2.7494773981994154, 'reg_lambda': 17.012477912697985, 'subsample': 0.7831306957224997, 'colsample_bytree': 0.8089858832720713}"
174,25,XGBClassifier,0.9369441538886879,"{'learning_rate': 0.061750685022897975, 'max_depth': 3, 'min_child_weight': 4.145704036635096, 'gamma': 0.9804395643000625, 'reg_alpha': 0.1031226119713223, 'reg_lambda': 16.547820212319298, 'subsample': 0.5964059454155468, 'colsample_bytree': 0.8450428676628087}"
175,27,XGBClassifier,0.9431877036538999,"{'learning_rate': 0.38739839953440164, 'max_depth': 6, 'min_child_weight': 3.184311386022073, 'gamma': 1.1697526245103662, 'reg_alpha': 0.021771775886980434, 'reg_lambda': 2.3379465179488075, 'subsample': 0.5126743555963015, 'colsample_bytree': 0.7417098081623023}"
176,24,XGBClassifier,0.9211359704805894,"{'learning_rate': 0.018792667165734772, 'max_depth': 6, 'min_child_weight': 1.3600012134217403, 'gamma': 0.8649810716989788, 'reg_alpha': 1.5801693680026436, 'reg_lambda': 3.3669963053931276, 'subsample': 0.6211878242333775, 'colsample_bytree': 0.8043535984845984}"
177,26,XGBClassifier,0.9249124466955103,"{'learning_rate': 0.36566845326640723, 'max_depth': 4, 'min_child_weight': 6.405761111619921, 'gamma': 0.06768234685212718, 'reg_alpha': 0.2542655057604436, 'reg_lambda': 2.8499251364080824, 'subsample': 0.510553396706223, 'colsample_bytree': 0.6771608351692263}"
178,28,XGBClassifier,0.9390339226514085,"{'learning_rate': 0.2929816721479686, 'max_depth': 5, 'min_child_weight': 5.0479888871187075, 'gamma': 0.3511919501551485, 'reg_alpha': 0.26278623683421864, 'reg_lambda': 1.0815376138799269, 'subsample': 0.5183496651294937, 'colsample_bytree': 0.7193094653439558}"
179,29,XGBClassifier,0.9398176481353463,"{'learning_rate': 0.1512847529257265, 'max_depth': 7, 'min_child_weight': 4.891482243398297, 'gamma': 0.7655456532718722, 'reg_alpha': 0.0030874023782854945, 'reg_lambda': 18.666305963383866, 'subsample': 0.7685326048059771, 'colsample_bytree': 0.7480515813977444}"
180,30,XGBClassifier,0.9406265414841465,"{'learning_rate': 0.3795694828845609, 'max_depth': 5, 'min_child_weight': 2.870395811079767, 'gamma': 0.4189652281580013, 'reg_alpha': 0.8083709103267256, 'reg_lambda': 1.1842306608521942, 'subsample': 0.7243812068378329, 'colsample_bytree': 0.8229925018564973}"
181,31,XGBClassifier,0.9328430462764326,"{'learning_rate': 0.22176627179589917, 'max_depth': 6, 'min_child_weight': 3.5507426750907616, 'gamma': 0.1069673235692454, 'reg_alpha': 0.013435523986951562, 'reg_lambda': 1.824702777480235, 'subsample': 0.5218472125585739, 'colsample_bytree': 0.8143876735152124}"
182,32,XGBClassifier,0.9408053266531485,"{'learning_rate': 0.3669287053877072, 'max_depth': 5, 'min_child_weight': 2.8909849505257927, 'gamma': 0.42855014156891535, 'reg_alpha': 0.024557139439803453, 'reg_lambda': 1.067829555454245, 'subsample': 0.6652344378654265, 'colsample_bytree': 0.6001872486180787}"
183,33,XGBClassifier,0.9419626127464965,"{'learning_rate': 0.1806501023280311, 'max_depth': 8, 'min_child_weight': 3.697749823258301, 'gamma': 0.9349104237014434, 'reg_alpha': 0.005853649701594171, 'reg_lambda': 1.672702715755277, 'subsample': 0.6984364984692255, 'colsample_bytree': 0.6934747683497576}"
184,34,XGBClassifier,0.9389819818596932,"{'learning_rate': 0.26695374821767115, 'max_depth': 7, 'min_child_weight': 1.3164611353512004, 'gamma': 0.19918604941099607, 'reg_alpha': 0.20815564870049524, 'reg_lambda': 1.474725416538922, 'subsample': 0.5040903875132985, 'colsample_bytree': 0.7825949200809217}"
185,35,XGBClassifier,0.9383226884205604,"{'learning_rate': 0.49763322733722487, 'max_depth': 7, 'min_child_weight': 1.611239194905894, 'gamma': 0.22671263590589985, 'reg_alpha': 1.112250933302021, 'reg_lambda': 1.0125587792665456, 'subsample': 0.6671247465733081, 'colsample_bytree': 0.6860350206671082}"
186,36,XGBClassifier,0.9365144397654114,"{'learning_rate': 0.2994849861892502, 'max_depth': 6, 'min_child_weight': 4.178661802679602, 'gamma': 0.24594953483570933, 'reg_alpha': 0.20983975986548162, 'reg_lambda': 1.8111715059625562, 'subsample': 0.7417921504820684, 'colsample_bytree': 0.7246306010075119}"
187,37,XGBClassifier,0.9351891087479997,"{'learning_rate': 0.36203689015046164, 'max_depth': 5, 'min_child_weight': 3.566775895432998, 'gamma': 0.16459275245886237, 'reg_alpha': 0.0926207909175627, 'reg_lambda': 1.0245233801428462, 'subsample': 0.5492181226950636, 'colsample_bytree': 0.7252169470957045}"
188,38,XGBClassifier,0.9289358137699341,"{'learning_rate': 0.41040561007202936, 'max_depth': 7, 'min_child_weight': 3.031919367384036, 'gamma': 0.05498574206333745, 'reg_alpha': 0.06107279979122168, 'reg_lambda': 1.3244210967352001, 'subsample': 0.5407884706148272, 'colsample_bytree': 0.763662635890779}"
189,39,XGBClassifier,0.9381583426096382,"{'learning_rate': 0.06806906920656676, 'max_depth': 8, 'min_child_weight': 3.8354130093386867, 'gamma': 0.737253774582654, 'reg_alpha': 0.018281674517566408, 'reg_lambda': 17.100678513922762, 'subsample': 0.7334035869301058, 'colsample_bytree': 0.9378477284758785}"
190,40,XGBClassifier,0.9350208148927633,"{'learning_rate': 0.47978557049189574, 'max_depth': 7, 'min_child_weight': 3.5089915700969025, 'gamma': 0.12317051848624838, 'reg_alpha': 0.14010766230253036, 'reg_lambda': 1.1256722367226049, 'subsample': 0.6608070303743773, 'colsample_bytree': 0.8172422591175071}"
191,41,XGBClassifier,0.944212695076985,"{'learning_rate': 0.48289373623589993, 'max_depth': 5, 'min_child_weight': 5.318595901088399, 'gamma': 1.1699027041451944, 'reg_alpha': 0.010123646435611594, 'reg_lambda': 2.4476099717567332, 'subsample': 0.5786699537334843, 'colsample_bytree': 0.7600522502932688}"
192,42,XGBClassifier,0.9407629926536814,"{'learning_rate': 0.25790275233770543, 'max_depth': 7, 'min_child_weight': 4.254626310941837, 'gamma': 0.4313455139912513, 'reg_alpha': 0.08559171472211521, 'reg_lambda': 1.4674618319609192, 'subsample': 0.6929767392364393, 'colsample_bytree': 0.7393813204608848}"
193,43,XGBClassifier,0.9412024808593676,"{'learning_rate': 0.33436486504866786, 'max_depth': 7, 'min_child_weight': 1.9704921516867855, 'gamma': 1.7157880409526132, 'reg_alpha': 0.03046171645939313, 'reg_lambda': 1.175510653829116, 'subsample': 0.5855901810828075, 'colsample_bytree': 0.6953411161816698}"
194,44,XGBClassifier,0.9384321597423234,"{'learning_rate': 0.4745506324137199, 'max_depth': 6, 'min_child_weight': 3.688794556513577, 'gamma': 1.8638152682166673, 'reg_alpha': 0.0077990000861772575, 'reg_lambda': 2.2637795005843793, 'subsample': 0.6419910769162045, 'colsample_bytree': 0.7282323788051647}"
195,45,XGBClassifier,0.9422305917151986,"{'learning_rate': 0.3662047603322296, 'max_depth': 6, 'min_child_weight': 4.747044832251441, 'gamma': 1.0349705631850088, 'reg_alpha': 0.040636996700403785, 'reg_lambda': 14.661273335523372, 'subsample': 0.8709975656399241, 'colsample_bytree': 0.8790705382004468}"
196,46,XGBClassifier,0.9439238137310495,"{'learning_rate': 0.25804285873034805, 'max_depth': 6, 'min_child_weight': 5.8250649525281055, 'gamma': 0.5423587257928089, 'reg_alpha': 0.0028617029793511846, 'reg_lambda': 9.881155029948781, 'subsample': 0.8578818500212282, 'colsample_bytree': 0.7393588382310038}"
197,47,XGBClassifier,0.9444938367072339,"{'learning_rate': 0.23884080170547178, 'max_depth': 7, 'min_child_weight': 3.545139454913364, 'gamma': 0.6597789637446784, 'reg_alpha': 0.005587725478518274, 'reg_lambda': 16.285872143282518, 'subsample': 0.6833266659268526, 'colsample_bytree': 0.663683245245107}"
198,49,XGBClassifier,0.9498820659544066,"{'learning_rate': 0.31183717353699403, 'max_depth': 3, 'min_child_weight': 1.9092149748498457, 'gamma': 0.5776879488090906, 'reg_alpha': 1.3036369770875613, 'reg_lambda': 1.4919232047483344, 'subsample': 0.7181065219444565, 'colsample_bytree': 0.9722126862480334}"
199,48,XGBClassifier,0.9386121278353894,"{'learning_rate': 0.3463284722558538, 'max_depth': 4, 'min_child_weight': 1.7643452587932629, 'gamma': 0.06962843695906212, 'reg_alpha': 0.06756460658014274, 'reg_lambda': 1.3392165583184583, 'subsample': 0.8175908363220357, 'colsample_bytree': 0.6092373570694928}"
